state,dist_name,region_type,prop_schedback,total_income,stgov_alliance,alliancematch2,perc_marg,new_plants_within_300k,hh_count,hh_count2019,hh_min,hh14plus19,mean_expec_hrs,median_power_hrs,median_power_hrs2019,improvemed1419,med14is24,one
Andhra Pradesh,Anantapur,Rural,43.1,44.5,INC-UPA,1,4.63,1,116,141,116,257,14.03085056734995,18,24,6,0,1
Andhra Pradesh,Anantapur,Urban,55.56,43.5,INC-UPA,1,6.69,1,315,299,299,614,17.15879719224441,21,24,3,0,1
Andhra Pradesh,Chittoor,Rural,83.50999999999999,41.1,INC-UPA,1,6.819999999999999,1,188,220,188,408,20.4555938319941,18,24,6,0,1
Andhra Pradesh,East Godavari,Rural,80.56,35.8,INC-UPA,1,3.85,1,180,229,180,409,20.16806843765904,20,24,4,0,1
Andhra Pradesh,East Godavari,Urban,49.11,38,INC-UPA,0,2.31,1,674,590,590,1264,20.24535417910262,22,24,2,0,1
Andhra Pradesh,Guntur,Rural,44.24,33.5,INC-UPA,1,4.29,1,165,164,164,329,20.74425564354101,21,24,3,0,1
Andhra Pradesh,Guntur,Urban,29.94,46,INC-UPA,1,4.41,1,324,310,310,634,21.2017925001364,23,24,1,0,1
Andhra Pradesh,Krishna,Rural,70.11,36.5,INC-UPA,0,3.37,1,174,159,159,333,21.23553479905147,20,24,4,0,1
Andhra Pradesh,Krishna,Urban,47.78,38.6,INC-UPA,0,3.04,1,450,442,442,892,20.21352266351869,22,24,2,0,1
Andhra Pradesh,Kurnool,Rural,88.27000000000001,41.8,INC-UPA,1,4.09,1,196,211,196,407,17.44024939555691,16,24,8,0,1
Andhra Pradesh,Kurnool,Urban,58.43000000000001,41.8,INC-UPA,1,9.550000000000001,1,664,594,594,1258,14.60846248384446,20,24,4,0,1
Andhra Pradesh,Prakasam,Rural,40.77,38.5,INC-UPA,1,5.1,1,130,196,130,326,20.39432344809857,21,24,3,0,1
Andhra Pradesh,Prakasam,Urban,49.26,44,INC-UPA,1,8.699999999999999,1,337,305,305,642,21.36287045976919,22,24,2,0,1
Andhra Pradesh,Sri Potti Sriramulu Nellore,Rural,70,36,INC-UPA,0,6.97,1,200,223,200,423,19.70924403013617,21,24,3,0,1
Andhra Pradesh,Sri Potti Sriramulu Nellore,Urban,55.69,40,INC-UPA,0,3.46,1,677,546,546,1223,20.72115571926927,22,24,2,0,1
Andhra Pradesh,Srikakulam,Rural,26.88,39.5,INC-UPA,1,11.38,1,93,91,91,184,17.5922037917896,18,24,6,0,1
Andhra Pradesh,Visakhapatnam,Rural,74.15000000000001,34,INC-UPA,0,.8999999999999999,1,294,80,80,374,19.61288728496989,18,24,6,0,1
Andhra Pradesh,Visakhapatnam,Urban,49.81,47.75,INC-UPA,0,3.58,1,1048,898,898,1946,19.38030840806042,23,24,1,0,1
Andhra Pradesh,Vizianagaram,Rural,84.25,32,INC-UPA,1,2.27,1,127,128,127,255,20.54118030722557,19,24,5,0,1
Andhra Pradesh,Vizianagaram,Urban,62.88,43,INC-UPA,0,2.37,1,326,298,298,624,19.90392248448326,24,24,0,1,1
Andhra Pradesh,West Godavari,Rural,67.12,34,INC-UPA,0,6.63,1,146,152,146,298,21.45058576233082,20,24,4,0,1
Andhra Pradesh,West Godavari,Urban,52.01,42.8,INC-UPA,1,10.9,1,323,280,280,603,20.30771542515326,24,24,0,1,1
Andhra Pradesh,Y.S.R.,Rural,20,48,INC-UPA,1,8.92,1,15,117,15,132,19.34430640187419,16,24,8,0,1
Assam,Cachar,Rural,62.5,25.8,INC-UPA,1,22.87,0,80,58,58,138,22.15220995523406,24,24,0,1,1
Assam,Cachar,Urban,34.15000000000001,42.5,INC-UPA,1,12.4,0,246,234,234,480,19.84747450865746,24,24,0,1,1
Assam,Dibrugarh,Rural,88.64,34,INC-UPA,1,20.69,0,44,47,44,91,16.25955527142569,24,24,0,1,1
Assam,Goalpara,Rural,71.43000000000001,27.7,INC-UPA,0,7.340000000000001,0,42,29,29,71,24,24,24,0,1,1
Assam,Hailakandi,Rural,100,15,INC-UPA,1,14.15,0,18,14,14,32,24,0,0,0,0,1
Assam,Jorhat,Urban,39.6,47.5,INC-UPA,1,28.79,0,250,216,216,466,17.82712841541858,24,24,0,1,1
Assam,Kamrup Metropolitan,Urban,37.25,61,INC-UPA,1,3.63,0,357,283,283,640,23.89585963166338,24,24,0,1,1
Assam,Karimganj,Rural,58.33000000000001,32.5,INC-UPA,1,15.69,0,24,16,16,40,23.81978364853852,24,24,0,1,1
Assam,Morigaon,Rural,26.32,32,INC-UPA,1,24.06,0,19,25,19,44,22.30832186725741,24,24,0,1,1
Assam,Nagaon,Rural,79.66,38,INC-UPA,0,12.5,0,59,60,59,119,19.89806773997645,24,24,0,1,1
Assam,Sivasagar,Rural,79.17,29.8,INC-UPA,1,18.49,0,48,46,46,94,23.96252221620681,24,24,0,1,1
Assam,Sonitpur,Rural,65.12,32,INC-UPA,1,17.91,0,43,37,37,80,22.12112560525797,24,24,0,1,1
Bihar,Aurangabad,Rural,68.38,33.123,BJP-NDA,0,11.62,1,136,90,90,226,10.00447392467774,4,18,14,0,1
Bihar,Aurangabad,Urban,62.67,61.5,BJP-NDA,0,.58,1,300,303,300,603,12.79159845185979,15,18,3,0,1
Bihar,Banka,Rural,78.95,31,BJP-NDA,0,6.859999999999999,1,19,89,19,108,14.54083253859624,18,20,2,0,1
Bihar,Banka,Urban,74.76000000000001,28,BJP-NDA,0,15.52,1,309,285,285,594,16.97641826199413,18,20,2,0,1
Bihar,Begusarai,Urban,49.83000000000001,25.5,BJP-NDA,1,9.969999999999999,1,301,289,289,590,11.96553603993397,18,20,2,0,1
Bihar,Bhagalpur,Rural,91.06,35,BJP-NDA,0,4.19,1,123,145,123,268,15.69291528621205,14,18,4,0,1
Bihar,Bhagalpur,Urban,74.45,58.1,BJP-NDA,1,9.449999999999999,1,364,272,272,636,18.12420210198669,17,20,3,0,1
Bihar,Bhojpur,Rural,64,47,BJP-NDA,1,6.710000000000001,1,75,25,25,100,17.04193123392123,15,21,6,0,1
Bihar,Bhojpur,Urban,75.7,56.3,BJP-NDA,1,16.69,1,358,248,248,606,14.37183497243438,15,21,6,0,1
Bihar,Buxar,Rural,73.33,61.2,BJP-NDA,0,15.93,1,15,26,15,41,18.10918155820289,15,20,5,0,1
Bihar,Darbhanga,Rural,98.06,29.4,BJP-NDA,1,5.76,1,155,149,149,304,14.41760752302732,12,19,7,0,1
Bihar,Darbhanga,Urban,78.33,54,BJP-NDA,1,23.23,1,406,315,315,721,14.92665243991794,16,20,4,0,1
Bihar,Gaya,Rural,80,20.9,BJP-NDA,0,9.48,1,155,196,155,351,11.13147978219459,16,18,2,0,1
Bihar,Gaya,Urban,91.73999999999999,47.55,BJP-NDA,1,27.55,1,460,326,326,786,16.46241546426543,17,18,1,0,1
Bihar,Gopalganj,Rural,57.89,20.5,BJP-NDA,1,15.41,0,114,116,114,230,14.31072491892053,16,20,4,0,1
Bihar,Gopalganj,Urban,44.67,46,BJP-NDA,0,19.1,1,300,258,258,558,14.80895102833759,19,21,2,0,1
Bihar,Kaimur (Bhabua),Rural,92.16,34.7,BJP-NDA,1,2.42,1,51,30,30,81,10.23975098970736,15,18,3,0,1
Bihar,Katihar,Rural,65.66,18.18,BJP-NDA,1,9.31,1,198,144,144,342,12.94469789789859,2,19,17,0,1
Bihar,Kishanganj,Rural,9.779999999999999,17.725,BJP-NDA,0,3.38,0,92,9,9,101,16.49682476147783,9,20,11,0,1
Bihar,Madhepura,Rural,96.67,19.8,BJP-NDA,0,10.46,1,30,30,30,60,15.4286,0,20,20,0,1
Bihar,Madhepura,Urban,78.32000000000001,44,BJP-NDA,1,7.79,1,286,204,204,490,13.52883362818831,18,20,2,0,1
Bihar,Muzaffarpur,Rural,68.78999999999999,24,BJP-NDA,0,10.68,1,157,175,157,332,9.254899999999999,10,18,8,0,1
Bihar,Muzaffarpur,Urban,76.81,32,BJP-NDA,1,38.13,1,276,252,252,528,12.17424087311481,10,20,10,0,1
Bihar,Nalanda,Rural,78.31,20.8,BJP-NDA,0,17.4,1,83,94,83,177,12.6449,17,20,3,0,1
Bihar,Nalanda,Urban,63.09,32.1,BJP-NDA,0,21.13,1,401,209,209,610,10.5450731895815,16,20,4,0,1
Bihar,Nawada,Rural,64.91,18.6,BJP-NDA,0,5.319999999999999,1,114,104,104,218,12.72794421354642,16,20,4,0,1
Bihar,Pashchim Champaran,Rural,73.38,24,BJP-NDA,0,18.7,0,154,159,154,313,10.56033810300843,9,20,11,0,1
Bihar,Patna,Rural,87.84999999999999,39.4,BJP-NDA,1,7.649999999999999,1,214,194,194,408,15.28568991348371,14,20,6,0,1
Bihar,Patna,Urban,70.56999999999999,71,BJP-NDA,1,46.16,1,564,497,497,1061,11.95351177502535,19,22,3,0,1
Bihar,Purba Champaran,Rural,84.81999999999999,22.63,BJP-NDA,0,10.39,0,303,274,274,577,10.65099537035066,12,20,8,0,1
Bihar,Purnia,Rural,57.38,21.4,BJP-NDA,0,21.1,1,183,239,183,422,12.41677046862042,18,19,1,0,1
Bihar,Purnia,Urban,56.28999999999999,32,BJP-NDA,1,11.83,1,421,332,332,753,11.38898393440446,16,20,4,0,1
Bihar,Saharsa,Urban,61.46,34.4,BJP-NDA,1,5.26,1,410,187,187,597,14.4498988957624,17,19,2,0,1
Bihar,Samastipur,Rural,85.5,30,BJP-NDA,0,9.959999999999999,1,131,122,122,253,15.34368781667055,14,20,6,0,1
Bihar,Saran,Rural,83.47,24,BJP-NDA,1,6.959999999999999,1,121,83,83,204,15.6401377970126,10,22,12,0,1
Bihar,Saran,Urban,79.75999999999999,28,BJP-NDA,1,31.35,1,415,260,260,675,12.54563156968204,10,22,12,0,1
Bihar,Sheikhpura,Rural,100,20.7,BJP-NDA,0,5.21,1,30,34,30,64,9.068570135989544,16,20,4,0,1
Bihar,Sheohar,Rural,100,20.5,BJP-NDA,0,1.36,0,26,12,12,38,10.63340035307633,0,0,0,0,1
Bihar,Sheohar,Urban,88.42,19.4,BJP-NDA,0,19.92,0,311,197,197,508,16.58111801566437,10,21,11,0,1
Bihar,Sitamarhi,Rural,100,20.6,BJP-NDA,1,4.399999999999999,0,25,113,25,138,10.3537,10,20,10,0,1
Bihar,Siwan,Rural,100,19.5,BJP-NDA,1,14.6,1,6,24,6,30,16.52027953980575,18,22,4,0,1
Bihar,Vaishali,Rural,94.28999999999999,20,BJP-NDA,0,9.92,1,35,44,35,79,9.638338035429289,10,16,6,0,1
Chhattisgarh,Bilaspur,Rural,87.87,26.9,BJP-NDA,0,10,1,239,204,204,443,24,24,21,-3,1,1
Chhattisgarh,Dhamtari,Rural,94.59,32.6,BJP-NDA,1,12.01,1,407,430,407,837,14.94432346744696,24,24,0,1,1
Chhattisgarh,Dhamtari,Urban,88.57000000000001,31.308,BJP-NDA,0,6.99,1,700,606,606,1306,17.52294066272708,24,24,0,1,1
Chhattisgarh,Durg,Rural,95.78999999999999,35.8,BJP-NDA,0,12.95,1,214,205,205,419,17.93005074700745,24,24,0,1,1
Chhattisgarh,Durg,Urban,67.34999999999999,61,BJP-NDA,1,10.37,1,585,492,492,1077,20.50055738295779,24,24,0,1,1
Chhattisgarh,Janjgir - Champa,Rural,82.76000000000001,26.52,BJP-NDA,0,6.550000000000001,1,116,117,116,233,24,24,24,0,1,1
Chhattisgarh,Janjgir - Champa,Urban,86.94,23.9,BJP-NDA,1,6.77,1,337,302,302,639,17.43828328588183,24,24,0,1,1
Chhattisgarh,Korba,Rural,95.12,23.22,BJP-NDA,0,12.73,1,82,26,26,108,19.75785522615462,24,20,-4,1,1
Chhattisgarh,Korba,Urban,75.89,31.86,BJP-NDA,0,9.93,1,336,249,249,585,20.79662358776304,24,24,0,1,1
Chhattisgarh,Raigarh,Rural,79.40000000000001,23,BJP-NDA,0,11.38,1,267,121,121,388,23.6018619913729,24,24,0,1,1
Chhattisgarh,Raigarh,Urban,83.50999999999999,26,BJP-NDA,1,12.02,1,291,301,291,592,23.75904299899575,24,24,0,1,1
Chhattisgarh,Raipur,Rural,100,48,BJP-NDA,1,5.91,1,13,88,13,101,23.94588749375406,24,24,0,1,1
Chhattisgarh,Raipur,Urban,74.89,32.7,BJP-NDA,1,3.99,1,693,673,673,1366,23.97018231160183,24,24,0,1,1
Chhattisgarh,Rajnandgaon,Rural,73.33,49.5,BJP-NDA,0,1.48,1,15,47,15,62,20.69872191569475,24,24,0,1,1
Delhi,North,Rural,15,96,INC-UPA,1,6.4,1,20,31,20,51,23.53238360018289,16,24,8,0,1
Delhi,North - North West - West,Urban,32.23,82.5,INC-UPA,1,7.829999999999999,1,273,253,253,526,23.54668880301432,24,24,0,1,1
Delhi,North East - East,Urban,46.98999999999999,66,INC-UPA,0,9.710000000000001,1,266,268,266,534,23.30564805574077,24,24,0,1,1
Delhi,North West,Rural,45.92,72,INC-UPA,0,15.99,1,196,213,196,409,23.85590845221097,19,24,5,0,1
Delhi,South,Rural,31.11,88,INC-UPA,0,14.64,1,45,47,45,92,22.95226497772222,24,24,0,1,1
Delhi,South West,Rural,41.48,96,INC-UPA,0,4.45,1,176,169,169,345,23.14979617454595,24,24,0,1,1
Delhi,West,Rural,0,80,INC-UPA,0,4.67,1,11,15,11,26,23.32570194800486,24,24,0,1,1
Goa,North Goa,Rural,50.5,65,BJP-NDA,1,10.02,0,402,276,276,678,23.92531690589339,24,24,0,1,1
Goa,North Goa,Urban,36.52,90,BJP-NDA,1,13.73,0,356,222,222,578,23.95207589160599,24,24,0,1,1
Goa,South Goa,Rural,57.69,61,BJP-NDA,1,9.81,0,26,23,23,49,22.53683458332388,24,24,0,1,1
Goa,South Goa,Urban,21.19,75,BJP-NDA,0,15.43,0,354,253,253,607,23.27722052523261,24,24,0,1,1
Gujarat,Ahmadabad,Rural,90.38000000000001,38,BJP-NDA,0,11.81,0,156,100,100,256,23.97331313380456,24,24,0,1,1
Gujarat,Ahmadabad,Urban,55.45,44,BJP-NDA,1,29.43,0,541,660,541,1201,24,24,24,0,1,1
Gujarat,Banas Kantha,Rural,91.75,24.5,BJP-NDA,0,12.92,0,97,83,83,180,23.04017577732344,24,24,0,1,1
Gujarat,Banas Kantha,Urban,97.89,25.8,BJP-NDA,0,7.359999999999999,0,284,219,219,503,22.59552370617158,24,24,0,1,1
Gujarat,Bharuch,Rural,31.48,40.7,BJP-NDA,1,10.69,0,54,52,52,106,22.58597980317232,24,24,0,1,1
Gujarat,Bhavnagar,Rural,55.88,56,BJP-NDA,1,11,0,136,154,136,290,22.57152150775683,24,24,0,1,1
Gujarat,Bhavnagar,Urban,47.44,42.8,BJP-NDA,1,27.37,0,293,224,224,517,24,24,24,0,1,1
Gujarat,Gandhinagar,Rural,95.28,32,BJP-NDA,0,1.01,0,127,106,106,233,22.19802764293529,24,24,0,1,1
Gujarat,Gandhinagar,Urban,83.17999999999999,42.8,BJP-NDA,1,3.67,0,214,235,214,449,23.46928178651515,24,24,0,1,1
Gujarat,Jamnagar,Rural,73.63,42.6,BJP-NDA,1,4.55,0,273,233,233,506,23.35580677828402,24,24,0,1,1
Gujarat,Jamnagar,Urban,24.13,55.2,BJP-NDA,0,5.050000000000001,0,315,247,247,562,23.73189815149077,24,24,0,1,1
Gujarat,Junagadh,Rural,34.78,48,BJP-NDA,0,5.93,0,69,99,69,168,22.35429416327756,24,24,0,1,1
Gujarat,Kachchh,Rural,88.46000000000001,32.8,BJP-NDA,1,5.83,0,130,138,130,268,22.95942537270836,24,24,0,1,1
Gujarat,Kachchh,Urban,67.86,44,BJP-NDA,1,6.1,0,252,449,252,701,23.27809865606469,24,24,0,1,1
Gujarat,Kheda,Rural,61.11,37.7,BJP-NDA,0,3.93,0,180,191,180,371,23.11531772826979,24,24,0,1,1
Gujarat,Kheda,Urban,74.14,36.5,BJP-NDA,1,4.36,0,263,294,263,557,23.30376650131014,24,24,0,1,1
Gujarat,Mahesana,Rural,56.82000000000001,36,BJP-NDA,0,5.16,0,44,80,44,124,22.90139216111744,24,24,0,1,1
Gujarat,Mahesana,Urban,56.54,71.8,BJP-NDA,1,17.83,0,237,404,237,641,24,24,24,0,1,1
Gujarat,Navsari,Urban,58.68,49.3,BJP-NDA,1,10.22,0,288,306,288,594,23.97572944038062,21,24,3,0,1
Gujarat,Patan,Rural,100,20.5,BJP-NDA,1,10.46,0,15,28,15,43,22.09870373784872,24,24,0,1,1
Gujarat,Rajkot,Rural,74.15000000000001,40.4,BJP-NDA,0,7.13,0,147,192,147,339,23.9459,24,24,0,1,1
Gujarat,Rajkot,Urban,33.48,40,BJP-NDA,0,11.97,0,887,943,887,1830,22.9796,24,24,0,1,1
Gujarat,Sabar Kantha,Rural,81.01000000000001,29.6,BJP-NDA,0,6.65,0,337,233,233,570,23.6208010678898,24,24,0,1,1
Gujarat,Surat,Rural,92.67999999999999,58.8,BJP-NDA,1,16.94,0,123,128,123,251,23.46401543644259,24,24,0,1,1
Gujarat,Surat,Urban,43.62,88,BJP-NDA,1,21.42,0,447,584,447,1031,22.74613216675186,24,24,0,1,1
Gujarat,Surendranagar,Rural,86.96000000000001,37.6,BJP-NDA,1,8.16,0,92,108,92,200,23.89571788798541,24,24,0,1,1
Gujarat,Tapi,Rural,100,41.6,BJP-NDA,0,7.109999999999999,0,57,28,28,85,22.22732028176242,24,24,0,1,1
Gujarat,Vadodara,Rural,65.38000000000001,42,BJP-NDA,1,3.56,0,234,242,234,476,21.76377536194181,24,24,0,1,1
Gujarat,Vadodara,Urban,67.29000000000001,60,BJP-NDA,1,33.73999999999999,0,321,311,311,632,22.74044696802674,22,24,2,0,1
Haryana,Ambala,Rural,84,58.7,INC-UPA,0,4.72,1,125,111,111,236,22.94683317592184,16,24,8,0,1
Haryana,Bhiwani,Rural,14.48,63.4,INC-UPA,1,.6799999999999999,1,221,227,221,448,22.39688803187227,18,22,4,0,1
Haryana,Bhiwani,Urban,31.82,75,INC-UPA,0,2.75,1,264,316,264,580,20.89883574268067,24,22,-2,1,1
Haryana,Faridabad,Rural,84,48,INC-UPA,0,4.41,1,25,60,25,85,22.13195764417873,20,24,4,0,1
Haryana,Faridabad,Urban,27.85,92,INC-UPA,1,14.51,1,492,414,414,906,21.87231129853862,24,24,0,1,1
Haryana,Fatehabad,Urban,38.54,100,INC-UPA,1,2.8,1,314,247,247,561,20.1593704132706,24,21,-3,1,1
Haryana,Gurgaon,Rural,25,50,INC-UPA,0,13.13,1,16,31,16,47,22.93533084263466,16,24,8,0,1
Haryana,Gurgaon,Urban,46.44,76,INC-UPA,0,4.75,1,379,391,379,770,21.13118107005064,24,24,0,1,1
Haryana,Hisar,Rural,82.19,24.3,INC-UPA,1,6.859999999999999,1,73,80,73,153,21.7018,21,22,1,0,1
Haryana,Hisar,Urban,54.04,75,INC-UPA,1,18.87,1,198,325,198,523,22.22775868935842,23,22,-1,0,1
Haryana,Jind,Rural,0,88,INC-UPA,0,13.24,1,27,48,27,75,22.1324,24,21,-3,1,1
Haryana,Jind,Urban,44.87,110,INC-UPA,0,8.4,1,312,319,312,631,22.30813393409437,24,22,-2,1,1
Haryana,Karnal,Rural,36.84,72,INC-UPA,0,5.45,1,95,120,95,215,21.50387119394294,24,24,0,1,1
Haryana,Karnal,Urban,42.61,70,INC-UPA,1,3.68,1,230,314,230,544,22.41328878518682,16,24,8,0,1
Haryana,Mahendragarh,Rural,71.17,58,INC-UPA,1,4.87,1,111,127,111,238,22.29461318870513,18,20,2,0,1
Haryana,Mewat,Rural,16.07,48,INC-UPA,0,19.48,1,56,63,56,119,15.5868175159076,13.5,24,10.5,0,1
Haryana,Palwal,Rural,55.41,57.8,INC-UPA,0,4.390000000000001,1,74,48,48,122,16.8737194191621,16,24,8,0,1
Haryana,Panchkula,Urban,39.29000000000001,84,INC-UPA,0,18.62,1,420,376,376,796,20.28051254976832,21,24,3,0,1
Haryana,Panipat,Rural,58.06,59,INC-UPA,0,7.149999999999999,1,31,27,27,58,21.64574344280572,16,20,4,0,1
Haryana,Panipat,Urban,40.62,76,INC-UPA,0,9.890000000000001,1,224,319,224,543,20.41464985737732,24,20,-4,1,1
Haryana,Rewari,Rural,14.29,108.2,INC-UPA,0,11.36,1,14,30,14,44,21.2366,20,21,1,0,1
Haryana,Rohtak,Rural,7.140000000000001,76.5,INC-UPA,1,30.31,1,28,32,28,60,22.72594182491337,19.5,20,.5,0,1
Haryana,Rohtak,Urban,36.93,100,INC-UPA,1,23.59,1,287,304,287,591,21.24623673391536,24,22,-2,1,1
Haryana,Sirsa,Rural,48.36,40,INC-UPA,0,9.85,1,122,128,122,250,21.97616201240436,18,22,4,0,1
Haryana,Sonipat,Rural,12.2,80,INC-UPA,1,26.76,1,41,44,41,85,21.7936564583127,24,20,-4,1,1
Haryana,Sonipat,Urban,36.81,93,INC-UPA,1,5.4,1,288,319,288,607,22.9024,24,20,-4,1,1
Haryana,Yamunanagar,Rural,74.70999999999999,25.7,INC-UPA,0,4.92,1,170,138,138,308,21.57083463558126,20,24,4,0,1
Himachal Pradesh,Bilaspur,Rural,28.89,28.3,INC-UPA,0,4.44,1,45,64,45,109,23.93808414504332,24,24,0,1,1
Himachal Pradesh,Hamirpur,Rural,0,60,INC-UPA,0,21.05,1,14,16,14,30,18.71357290612687,24,24,0,1,1
Himachal Pradesh,Kangra,Rural,56.00000000000001,32,INC-UPA,1,10.51,1,75,80,75,155,22.98262771651008,24,23,-1,1,1
Himachal Pradesh,Mandi,Rural,53.44,32,INC-UPA,0,6.140000000000001,1,189,160,160,349,23.01038535325312,24,24,0,1,1
Himachal Pradesh,Mandi,Urban,26.69,71,INC-UPA,1,8.119999999999999,1,356,317,317,673,23.3326750156034,24,24,0,1,1
Himachal Pradesh,Shimla,Rural,57.14,80,INC-UPA,1,19.15,1,14,48,14,62,23.4607,24,21,-3,1,1
Himachal Pradesh,Shimla,Urban,31.86,80,INC-UPA,0,1.93,1,317,301,301,618,20.35822897875172,24,24,0,1,1
Himachal Pradesh,Sirmaur,Rural,40,60,INC-UPA,0,2.76,1,30,45,30,75,22.81282551537776,24,22,-2,1,1
Himachal Pradesh,Solan,Rural,2.22,60,INC-UPA,0,8.67,1,45,78,45,123,21.41944389914462,24,24,0,1,1
Himachal Pradesh,Una,Rural,44.64,40.5,INC-UPA,1,8.780000000000001,1,56,64,56,120,24,24,22,-2,1,1
Jammu and Kashmir,Bandipore,Rural,16.67,56,INC-UPA,0,4.03,0,180,185,180,365,21.04882026807651,16,16,0,0,1
Jammu and Kashmir,Baramula,Rural,13.33,56.2,INC-UPA,1,5.34,0,150,148,148,298,22.2639,16,20,4,0,1
Jammu and Kashmir,Ganderbal,Rural,11.46,72,INC-UPA,1,21.36,0,96,99,96,195,19.78193248203655,16,16,0,0,1
Jammu and Kashmir,Jammu,Rural,65.31999999999999,57,INC-UPA,0,10.61,1,395,327,327,722,16.2917,16,16,0,0,1
Jammu and Kashmir,Jammu,Urban,13.75,72,INC-UPA,0,7.76,1,269,242,242,511,20.71404480479993,24,17,-7,1,1
Jammu and Kashmir,Samba,Rural,92.31,72,INC-UPA,0,3.69,1,13,46,13,59,22.18548794265919,16,16,0,0,1
Jammu and Kashmir,Srinagar,Urban,.52,101.9,INC-UPA,1,13.2,0,381,283,283,664,19.87120564451265,18,19,1,0,1
Jammu and Kashmir,Udhampur,Urban,7.580000000000001,72,INC-UPA,0,3.9,1,264,160,160,424,21.98511952788442,24,17,-7,1,1
Jharkhand,Chatra,Rural,0,30,BJP-NDA,0,17.62,1,105,142,105,247,6.506497988027496,10,16,6,0,1
Jharkhand,Deoghar,Urban,62.56,40,BJP-NDA,0,13.02,1,203,312,203,515,17.6244850947585,18,18,0,0,1
Jharkhand,Dhanbad,Rural,0,26,BJP-NDA,0,1.68,1,45,184,45,229,16.86324159421154,24,18,-6,1,1
Jharkhand,Dhanbad,Urban,86.11,34,BJP-NDA,0,8.450000000000001,1,216,354,216,570,14.27145203963572,18,18,0,0,1
Jharkhand,Dumka,Rural,100,24,BJP-NDA,1,9.030000000000001,1,67,74,67,141,17.82448393418717,18,17,-1,0,1
Jharkhand,Dumka,Urban,87.59,40,BJP-NDA,1,2.35,1,290,225,225,515,15.46373915661134,18,17,-1,0,1
Jharkhand,Garhwa,Rural,0,21,BJP-NDA,0,6.77,1,75,39,39,114,16.3031492101218,24,16,-8,1,1
Jharkhand,Giridih,Rural,69.92,32,BJP-NDA,0,6.48,1,236,264,236,500,14.77326791380563,16,17,1,0,1
Jharkhand,Gumla,Rural,0,58,BJP-NDA,0,13.08,1,150,42,42,192,17.92594433020509,0,16,16,0,1
Jharkhand,Hazaribagh,Rural,0,34.8,BJP-NDA,1,5.5,1,120,61,61,181,3.348820478599059,24,18,-6,1,1
Jharkhand,Hazaribagh,Urban,69.06,50,BJP-NDA,0,6.31,1,265,279,265,544,12.78049013556115,18,18,0,0,1
Jharkhand,Jamtara,Rural,100,11.5,BJP-NDA,1,6.39,1,10,79,10,89,19.13392159478409,8.5,19,10.5,0,1
Jharkhand,Khunti,Rural,0,27.2,BJP-NDA,1,9.550000000000001,1,115,25,25,140,7.910039502950067,24,16,-8,1,1
Jharkhand,Lohardaga,Rural,0,15.2,BJP-NDA,0,.52,1,45,46,45,91,12.39837549887022,0,18,18,0,1
Jharkhand,Palamu,Urban,83.33,36,BJP-NDA,0,2.88,1,246,235,235,481,10.92358376443424,19,16,-3,0,1
Jharkhand,Purbi Singhbhum,Urban,75.13,50,BJP-NDA,0,11.62,1,197,257,197,454,12.47229992207435,18,20,2,0,1
Jharkhand,Ranchi,Rural,46.94,29.6,BJP-NDA,0,3.16,1,98,122,98,220,12.02031536163152,18,20,2,0,1
Jharkhand,Ranchi,Urban,89.23,35.1,BJP-NDA,0,11.66,1,260,311,260,571,9.375452753990777,22,18,-4,0,1
Karnataka,Bangalore,Rural,88.46000000000001,60,INC-UPA,0,12.3,1,52,28,28,80,19.46524187930284,20,24,4,0,1
Karnataka,Bangalore,Urban,61.68,80,INC-UPA,0,15.55,1,1117,970,970,2087,20.24434951415825,22,24,2,0,1
Karnataka,Bangalore Rural,Rural,66.3,55.3,INC-UPA,0,2.78,0,92,87,87,179,19.39088217498713,19,24,5,0,1
Karnataka,Belgaum,Rural,77.52,37.34,INC-UPA,0,13.37,1,218,219,218,437,19.02461851665405,24,24,0,1,1
Karnataka,Belgaum,Urban,62.63999999999999,36,INC-UPA,0,10.3,0,546,539,539,1085,17.3256673920286,24,24,0,1,1
Karnataka,Bellary,Rural,93.62,26.4,INC-UPA,0,25.55,1,47,46,46,93,19.07721420746449,18,24,6,0,1
Karnataka,Bijapur,Rural,58.14,36,INC-UPA,1,7.03,1,86,132,86,218,19.94872387071737,18,24,6,0,1
Karnataka,Chikkaballapura,Rural,76.06,48.1,INC-UPA,0,10.16,1,142,115,115,257,16.49217866369208,18,23,5,0,1
Karnataka,Chikkaballapura,Urban,57.38999999999999,74,INC-UPA,0,1.07,1,352,248,248,600,18.97058125558669,20,24,4,0,1
Karnataka,Chikmagalur,Rural,60,58,INC-UPA,0,1.8,0,45,62,45,107,19.91059231010634,18,22,4,0,1
Karnataka,Chitradurga,Rural,96.55,40,INC-UPA,1,7.89,1,29,66,29,95,19.68541946826546,18,22,4,0,1
Karnataka,Dakshina Kannada,Rural,71.08,37,INC-UPA,1,3,0,166,185,166,351,18.45178494129698,19,23,4,0,1
Karnataka,Dakshina Kannada,Urban,65.25,48,INC-UPA,1,10.35,0,354,364,354,718,20.36136233288526,24,24,0,1,1
Karnataka,Davanagere,Rural,64.09999999999999,36,INC-UPA,1,5.600000000000001,1,39,30,30,69,19.98202982832804,24,24,0,1,1
Karnataka,Dharwad,Rural,54.63,36.2,INC-UPA,1,16.27,1,108,139,108,247,19.93664597007135,4,24,20,0,1
Karnataka,Dharwad,Urban,49.19,60,INC-UPA,0,13.08,1,307,243,243,550,9.080910449321717,24,24,0,1,1
Karnataka,Gadag,Urban,42.52,40,INC-UPA,1,24.74,1,294,314,294,608,21,4,24,20,0,1
Karnataka,Gulbarga,Rural,41.67,32,INC-UPA,1,12.93,1,60,75,60,135,6.294875215843916,4,24,20,0,1
Karnataka,Gulbarga,Urban,45.7,51.5,INC-UPA,0,13.85,1,337,255,255,592,18.22033957398356,4,24,20,0,1
Karnataka,Hassan,Rural,94.59,35,INC-UPA,0,17.01,0,111,103,103,214,5.786203556123951,19,22,3,0,1
Karnataka,Hassan,Urban,53.87,52,INC-UPA,0,3.2,0,323,306,306,629,20.95040134947097,20,22,2,0,1
Karnataka,Kolar,Rural,86.44,60,INC-UPA,0,16.56,1,177,166,166,343,21.3403962170514,16,24,8,0,1
Karnataka,Kolar,Urban,77.78,58.3,INC-UPA,0,14.94,1,324,300,300,624,17.9204412102518,22,24,2,0,1
Karnataka,Koppal,Urban,31.61,44,INC-UPA,0,23.77,1,348,324,324,672,21.05018721646923,5,24,19,0,1
Karnataka,Mandya,Urban,64.81,75.40000000000001,INC-UPA,0,18.37,0,324,297,297,621,17.42785371386207,22,22,0,0,1
Karnataka,Mysore,Rural,65.22,20,INC-UPA,1,8.390000000000001,0,23,26,23,49,21.37579366891975,22,22,0,0,1
Karnataka,Mysore,Urban,56.48999999999999,75.5,INC-UPA,1,5.99,0,393,410,393,803,17.81730352006359,22,22,0,0,1
Karnataka,Raichur,Rural,80.84999999999999,30,INC-UPA,1,4.32,1,94,88,88,182,15.16667767865726,5,24,19,0,1
Karnataka,Raichur,Urban,38.94,40,INC-UPA,0,7.93,1,321,294,294,615,14.1289870544037,4,24,20,0,1
Karnataka,Ramanagara,Rural,91.53,94.5,INC-UPA,0,8.44,0,59,51,51,110,21.01488559257706,22,24,2,0,1
Karnataka,Shimoga,Rural,85.70999999999999,36,INC-UPA,0,16.33,0,91,93,91,184,21.33810574642646,24,24,0,1,1
Karnataka,Tumkur,Rural,78.03999999999999,33.8,INC-UPA,0,6.93,0,255,222,222,477,22.21746267816117,18,22,4,0,1
Karnataka,Tumkur,Urban,42.67,52,INC-UPA,0,1.84,0,300,309,300,609,20.54624831226291,22,22,0,0,1
Karnataka,Udupi,Urban,65.2,60,INC-UPA,1,28.55,0,250,289,250,539,21.50416051294059,22,24,2,0,1
Karnataka,Uttara Kannada,Rural,87.35000000000001,30.8,INC-UPA,0,12.61,0,253,223,223,476,15.55691790884036,22,24,2,0,1
Karnataka,Uttara Kannada,Urban,79.13,42.5,INC-UPA,0,3.84,0,321,285,285,606,21.6851107933978,5,24,19,0,1
Karnataka,Yadgir,Rural,55.95,32.2,INC-UPA,1,3.67,1,84,78,78,162,19.52197817266136,4,24,20,0,1
Kerala,Alappuzha,Rural,36.67,56.4,INC-UPA,0,4.100000000000001,1,90,66,66,156,4.5714,24,24,0,1,1
Kerala,Alappuzha,Urban,38.29,60,INC-UPA,0,11.39,1,269,292,269,561,22.9775697900536,24,24,0,1,1
Kerala,Ernakulam,Rural,50.68,117,INC-UPA,0,5.11,1,73,57,57,130,21.03716693822422,24,24,0,1,1
Kerala,Ernakulam,Urban,22.74,37,INC-UPA,1,12.05,1,409,542,409,951,13.55406608395505,24,24,0,1,1
Kerala,Idukki,Rural,91.67,87.8,INC-UPA,0,10.13,1,60,48,48,108,22.91877272617449,24,24,0,1,1
Kerala,Kannur,Rural,76.81,57.4,INC-UPA,0,22.95,0,69,79,69,148,22.86228247258154,24,24,0,1,1
Kerala,Kasaragod,Rural,57.14,63.2,INC-UPA,0,6.45,0,98,109,98,207,21.12624369950833,24,24,0,1,1
Kerala,Kasaragod,Urban,59.56,67,INC-UPA,0,8.51,0,272,294,272,566,23.83226385496893,24,24,0,1,1
Kerala,Kollam,Rural,69.23,72,INC-UPA,0,14.98,1,26,27,26,53,22.48435923825173,24,24,0,1,1
Kerala,Kollam,Urban,39.51,68.59999999999999,INC-UPA,0,9.1,1,286,306,286,592,24,24,24,0,1,1
Kerala,Kottayam,Rural,63.95,88.5,INC-UPA,1,9.75,1,86,136,86,222,22.48190193073236,24,24,0,1,1
Kerala,Kottayam,Urban,63,58.5,INC-UPA,1,2.36,1,227,291,227,518,24,24,24,0,1,1
Kerala,Kozhikode,Rural,0,121.3,INC-UPA,0,5.88,0,36,32,32,68,18.29649032651527,24,24,0,1,1
Kerala,Kozhikode,Urban,62.63,72.09999999999999,INC-UPA,0,2.61,0,198,290,198,488,22.19082138915439,24,24,0,1,1
Kerala,Malappuram,Rural,46.88,69.2,INC-UPA,1,19.46,0,96,47,47,143,23.79405119167741,24,24,0,1,1
Kerala,Malappuram,Urban,62.71,64,INC-UPA,1,18.65,0,295,229,229,524,20.8959346964823,24,24,0,1,1
Kerala,Palakkad,Rural,61.68,41.6,INC-UPA,0,10.32,1,214,185,185,399,21.94312053038686,24,24,0,1,1
Kerala,Palakkad,Urban,47.59999999999999,61.05,INC-UPA,1,4.6,1,271,249,249,520,19.95330737932016,24,24,0,1,1
Kerala,Pathanamthitta,Rural,57.66,48,INC-UPA,0,5.140000000000001,1,137,111,111,248,21.98579677768642,24,24,0,1,1
Kerala,Thiruvananthapuram,Urban,31.76,64,INC-UPA,1,5.76,1,381,361,361,742,22.47896003068883,24,24,0,1,1
Kerala,Thrissur,Rural,45.1,56.4,INC-UPA,0,4.74,1,102,105,102,207,24,24,24,0,1,1
Kerala,Wayanad,Rural,36.07,39.1,INC-UPA,1,10.27,0,61,78,61,139,24,24,24,0,1,1
Madhya Pradesh,Alirajpur,Rural,100,21.4,BJP-NDA,1,11.69,0,50,16,16,66,23.92844158731873,24,24,0,1,1
Madhya Pradesh,Anuppur,Urban,62.86000000000001,52.5,BJP-NDA,1,10.28,1,350,209,209,559,16.49143025883081,24,24,0,1,1
Madhya Pradesh,Balaghat,Rural,95.83,18.6,BJP-NDA,0,16.88,1,24,107,24,131,20.77777417472745,24,24,0,1,1
Madhya Pradesh,Barwani,Rural,100,14.55,BJP-NDA,0,6.7,0,40,127,40,167,22.83229728014047,24,24,0,1,1
Madhya Pradesh,Betul,Rural,100,17.8,BJP-NDA,1,15.11,1,68,71,68,139,19.41640053776797,24,21,-3,1,1
Madhya Pradesh,Bhopal,Rural,93.33,43.4,BJP-NDA,1,21.52,1,30,16,16,46,22.62903512180153,24,24,0,1,1
Madhya Pradesh,Bhopal,Urban,47.17,57,BJP-NDA,1,14.82,1,477,336,336,813,22.07653490425308,24,24,0,1,1
Madhya Pradesh,Burhanpur,Urban,37.02,33,BJP-NDA,1,11.79,0,289,273,273,562,22.15316371685304,24,24,0,1,1
Madhya Pradesh,Chhindwara,Rural,97.3,32,BJP-NDA,0,5.220000000000001,1,111,85,85,196,23.33038192915812,24,24,0,1,1
Madhya Pradesh,Chhindwara,Urban,63.72,52,BJP-NDA,1,13.92,1,226,252,226,478,24,24,24,0,1,1
Madhya Pradesh,Damoh,Rural,60.98,37.3,BJP-NDA,1,5.2,1,41,78,41,119,24,22,24,2,0,1
Madhya Pradesh,Dewas,Rural,55.26,22,BJP-NDA,1,14.91,0,152,141,141,293,22.91504579434446,24,21,-3,1,1
Madhya Pradesh,Dewas,Urban,52.94,40,BJP-NDA,1,18.35,0,255,193,193,448,22.6140413409332,24,21,-3,1,1
Madhya Pradesh,Dhar,Rural,85.11,46.7,BJP-NDA,1,6.7,0,94,58,58,152,23.64561630432978,24,22,-2,1,1
Madhya Pradesh,Guna,Rural,50,25.2,BJP-NDA,0,24.54,1,22,90,22,112,23.31918188351577,24,24,0,1,1
Madhya Pradesh,Gwalior,Rural,46.15000000000001,16.8,BJP-NDA,0,9.65,1,26,78,26,104,21.8349637942819,24,24,0,1,1
Madhya Pradesh,Gwalior,Urban,40,60,BJP-NDA,1,10.08,1,335,190,190,525,22.66344175708157,24,24,0,1,1
Madhya Pradesh,Harda,Urban,49.34,48,BJP-NDA,0,3.07,0,304,269,269,573,23.73197914844156,24,24,0,1,1
Madhya Pradesh,Hoshangabad,Rural,65.62,33,BJP-NDA,1,17.23,1,64,64,64,128,23.97204133789202,24,21,-3,1,1
Madhya Pradesh,Indore,Rural,34.62,43.8,BJP-NDA,1,14.69,0,78,58,58,136,23.15822320168794,22,24,2,0,1
Madhya Pradesh,Indore,Urban,47.09999999999999,56,BJP-NDA,1,11.1,0,414,354,354,768,23.45884139556174,24,24,0,1,1
Madhya Pradesh,Jabalpur,Rural,65.08,40.6,BJP-NDA,1,9.51,1,63,48,48,111,24,18,24,6,0,1
Madhya Pradesh,Jabalpur,Urban,59.06,64,BJP-NDA,1,13.69,1,320,268,268,588,22.82349603262054,24,24,0,1,1
Madhya Pradesh,Jhabua,Rural,98.77,20,BJP-NDA,0,7.02,0,81,77,77,158,22.70656698701897,24,22,-2,1,1
Madhya Pradesh,Jhabua,Urban,53.8,68,BJP-NDA,1,12.17,0,303,263,263,566,23.88977334401313,24,24,0,1,1
Madhya Pradesh,Khandwa (East Nimar),Rural,45,50.2,BJP-NDA,1,23.2,0,40,41,40,81,23.99547213028114,24,24,0,1,1
Madhya Pradesh,Khargone (West Nimar),Rural,66.67,46.5,BJP-NDA,0,3.1,0,159,127,127,286,23.23634265391683,24,24,0,1,1
Madhya Pradesh,Mandla,Rural,93.89999999999999,21,BJP-NDA,1,6.569999999999999,1,82,92,82,174,19.0188152906311,20,24,4,0,1
Madhya Pradesh,Mandsaur,Rural,57.14,68.008,BJP-NDA,1,3.93,0,28,16,16,44,21.50560539311013,20,21.5,1.5,0,1
Madhya Pradesh,Morena,Rural,60.34,113.11,BJP-NDA,1,1.71,1,58,103,58,161,23.44860539843037,24,24,0,1,1
Madhya Pradesh,Morena,Urban,53.79000000000001,41,BJP-NDA,0,9.710000000000001,1,264,271,264,535,23.29987105369293,24,24,0,1,1
Madhya Pradesh,Narsimhapur,Rural,53.40000000000001,51.9,BJP-NDA,1,18.89,1,103,79,79,182,24,24,24,0,1,1
Madhya Pradesh,Narsimhapur,Urban,72.53,40,BJP-NDA,1,31.61,1,233,200,200,433,21.7234315599406,24,24,0,1,1
Madhya Pradesh,Neemuch,Urban,72.77,35,BJP-NDA,1,14.8,0,235,306,235,541,23.35458272922018,24,24,0,1,1
Madhya Pradesh,Raisen,Rural,68.66,26.8,BJP-NDA,1,13.17,1,134,84,84,218,23.41775696114931,24,21,-3,1,1
Madhya Pradesh,Ratlam,Rural,59.43000000000001,23.6,BJP-NDA,1,5.46,0,175,148,148,323,20.94245434916586,20,22,2,0,1
Madhya Pradesh,Ratlam,Urban,53.98,48,BJP-NDA,1,25.4,0,226,261,226,487,22.43366492680537,24,24,0,1,1
Madhya Pradesh,Rewa,Rural,33.33,54,BJP-NDA,1,4.54,1,141,111,111,252,23.52533528951667,24,24,0,1,1
Madhya Pradesh,Sagar,Rural,82.80999999999999,27.3,BJP-NDA,1,14.13,1,64,111,64,175,23.38011905737955,24,24,0,1,1
Madhya Pradesh,Sagar,Urban,51.92,62,BJP-NDA,1,9.43,1,339,256,256,595,24,24,24,0,1,1
Madhya Pradesh,Satna,Rural,29.05,52.7,BJP-NDA,0,7.44,1,148,130,130,278,21.87044319723914,24,24,0,1,1
Madhya Pradesh,Satna,Urban,55.03,42,BJP-NDA,1,11.48,1,318,241,241,559,18.43526195434758,24,24,0,1,1
Madhya Pradesh,Sehore,Rural,50.74999999999999,39.5,BJP-NDA,1,2.99,1,67,117,67,184,24,24,21,-3,1,1
Madhya Pradesh,Seoni,Rural,81.25,32,BJP-NDA,0,2.7,1,16,90,16,106,24,24,24,0,1,1
Madhya Pradesh,Shajapur,Rural,69.47,76.58,BJP-NDA,1,6.17,1,95,58,58,153,23.46105969507228,24,22,-2,1,1
Madhya Pradesh,Shivpuri,Rural,52.38,72,BJP-NDA,0,5.25,1,21,122,21,143,23.42368783378119,24,24,0,1,1
Madhya Pradesh,Ujjain,Rural,54.89000000000001,30.75,BJP-NDA,1,12.31,0,184,123,123,307,23.66760691700962,24,22,-2,1,1
Madhya Pradesh,Ujjain,Urban,50.88,41,BJP-NDA,1,12.58,0,226,257,226,483,23.41457440937826,24,24,0,1,1
Madhya Pradesh,Vidisha,Rural,85.06,34,BJP-NDA,0,2.79,1,87,52,52,139,24,24,23,-1,1,1
Maharashtra,Ahmadnagar,Rural,28.31,46.8,INC-UPA,1,12.56,0,166,391,166,557,24,24,24,0,1,1
Maharashtra,Ahmadnagar,Urban,51.13,51.85,INC-UPA,0,8.74,0,577,638,577,1215,23.98540663250725,24,24,0,1,1
Maharashtra,Amravati,Rural,96.43000000000001,54,INC-UPA,1,7.380000000000001,1,84,189,84,273,23.38103267533631,24,24,0,1,1
Maharashtra,Amravati,Urban,79.65000000000001,80,INC-UPA,0,4.01,1,285,286,285,571,21.38936360387078,24,24,0,1,1
Maharashtra,Aurangabad,Rural,25.45,39.5,INC-UPA,0,5.5,0,55,171,55,226,23.68747661618072,24,24,0,1,1
Maharashtra,Aurangabad,Urban,39.94,57.1,INC-UPA,0,11.86,0,338,334,334,672,21.86011562348896,24,24,0,1,1
Maharashtra,Bhandara,Rural,100,73,INC-UPA,0,17.42,1,120,102,102,222,23.96175813777615,24,24,0,1,1
Maharashtra,Bhandara,Urban,92.45,80,INC-UPA,0,26.09,1,278,289,278,567,23.87711993196212,24,24,0,1,1
Maharashtra,Bid,Rural,32.26,35.5,INC-UPA,1,10.16,0,62,193,62,255,23.62269785796265,24,24,0,1,1
Maharashtra,Bid,Urban,53.73,62.4,INC-UPA,0,30.83,0,268,301,268,569,21.60765571330989,24,24,0,1,1
Maharashtra,Buldana,Rural,78.5,57.2,INC-UPA,0,13.98,0,107,155,107,262,23.51019442877342,24,24,0,1,1
Maharashtra,Chandrapur,Rural,99.15000000000001,51.7,INC-UPA,1,6.279999999999999,1,117,172,117,289,21.61635806586172,24,24,0,1,1
Maharashtra,Chandrapur,Urban,78.23,72,INC-UPA,0,12.19,1,317,258,258,575,21.15474791253218,24,24,0,1,1
Maharashtra,Dhule,Rural,46.67,39.6,INC-UPA,1,25.54,0,90,154,90,244,23.2463545752064,18,24,6,0,1
Maharashtra,Gondiya,Urban,63.84,80,INC-UPA,1,6.11,1,318,304,304,622,20.3455,24,24,0,1,1
Maharashtra,Jalgaon,Rural,33.58,38.2,INC-UPA,0,4.75,0,134,217,134,351,24,24,24,0,1,1
Maharashtra,Jalgaon,Urban,54.87,66,INC-UPA,0,14.32,0,534,599,534,1133,23.7190264054739,24,24,0,1,1
Maharashtra,Jalna,Rural,66.67,34.8,INC-UPA,0,9.529999999999999,0,15,90,15,105,23.67018451993756,24,24,0,1,1
Maharashtra,Kolhapur,Rural,30,32.2,INC-UPA,0,3.44,0,210,162,162,372,23.69370594104798,24,24,0,1,1
Maharashtra,Kolhapur,Urban,35.93,56,INC-UPA,0,5.88,0,487,572,487,1059,23.53418891648555,24,24,0,1,1
Maharashtra,Latur,Rural,53.09,31.7,INC-UPA,1,6.5,1,81,123,81,204,23.22262441839139,24,24,0,1,1
Maharashtra,Mumbai,Urban,32.68,111,INC-UPA,1,8.690000000000001,0,254,260,254,514,23.82365621302461,24,24,0,1,1
Maharashtra,Mumbai Suburban,Urban,27.47,109.5,INC-UPA,0,12.12,0,517,409,409,926,20.57723207248548,24,24,0,1,1
Maharashtra,Nagpur,Rural,94.42,69,INC-UPA,0,16.14,1,233,230,230,463,23.52726997813547,20,24,4,0,1
Maharashtra,Nagpur,Urban,81.5,65.90000000000001,INC-UPA,0,11.57,1,800,625,625,1425,21.52995034048758,24,24,0,1,1
Maharashtra,Nanded,Rural,55.00000000000001,54,INC-UPA,1,6.510000000000001,1,120,177,120,297,23.7225,24,24,0,1,1
Maharashtra,Nanded,Urban,54.29000000000001,60,INC-UPA,1,22.47,1,315,289,289,604,23.83067145047036,24,24,0,1,1
Maharashtra,Nashik,Rural,76.53,48,INC-UPA,1,7.02,0,213,359,213,572,20.25585901751944,18,24,6,0,1
Maharashtra,Nashik,Urban,51.42,56.4,INC-UPA,0,16.39,0,459,647,459,1106,22.84054752903399,24,24,0,1,1
Maharashtra,Osmanabad,Rural,65.38000000000001,36.8,INC-UPA,1,6.54,1,26,81,26,107,22.93438846027829,24,24,0,1,1
Maharashtra,Parbhani,Rural,18.37,49.2,INC-UPA,0,5.74,0,49,87,49,136,23.89696187201819,24,24,0,1,1
Maharashtra,Parbhani,Urban,45.05,57.5,INC-UPA,0,12.62,1,333,309,309,642,24,24,24,0,1,1
Maharashtra,Pune,Rural,19.75,40.3,INC-UPA,1,9.92,0,395,330,330,725,23.56256878473317,24,24,0,1,1
Maharashtra,Pune,Urban,41.68,67.3,INC-UPA,0,7.149999999999999,0,1202,940,940,2142,22.18862726006899,24,24,0,1,1
Maharashtra,Raigarh,Rural,89.92999999999999,43.5,INC-UPA,0,8.15,0,139,192,139,331,23.69082328131346,21,24,3,0,1
Maharashtra,Raigarh,Urban,50.18,104,INC-UPA,1,10.86,0,544,292,292,836,21.57429973435851,24,24,0,1,1
Maharashtra,Ratnagiri,Rural,70.8,34,INC-UPA,0,14.75,0,137,138,137,275,23.98778085846707,24,24,0,1,1
Maharashtra,Ratnagiri,Urban,22,76,INC-UPA,1,5.19,0,300,234,234,534,24,24,24,0,1,1
Maharashtra,Sangli,Rural,42.86,29.2,INC-UPA,1,13.34,0,14,164,14,178,23.65615739315477,24,24,0,1,1
Maharashtra,Satara,Rural,11.63,28,INC-UPA,1,19.61,0,86,199,86,285,23.93115325028593,24,24,0,1,1
Maharashtra,Satara,Urban,34.62,50,INC-UPA,1,8.880000000000001,0,234,248,234,482,23.82263117541645,24,24,0,1,1
Maharashtra,Sindhudurg,Rural,55.97,37.4,INC-UPA,0,9.76,0,134,159,134,293,23.71390451821569,24,24,0,1,1
Maharashtra,Solapur,Rural,88.89,25.3,INC-UPA,1,12.89,1,18,186,18,204,22.67693803809657,17,24,7,0,1
Maharashtra,Solapur,Urban,44.75,46.8,INC-UPA,0,15.88,1,552,584,552,1136,18.71315822392184,24,24,0,1,1
Maharashtra,Thane,Rural,91.75,52,INC-UPA,0,3.66,0,412,253,253,665,23.86875369528444,24,24,0,1,1
Maharashtra,Thane,Urban,42.78,104,INC-UPA,0,7.69,0,2609,1920,1920,4529,23.32822339323081,24,24,0,1,1
Maharashtra,Wardha,Rural,98.04000000000001,64,INC-UPA,0,2.01,1,102,118,102,220,22.59907845549578,24,24,0,1,1
Maharashtra,Wardha,Urban,81.82000000000001,68,INC-UPA,0,7.93,1,286,276,276,562,23.7721700760198,24,24,0,1,1
Maharashtra,Yavatmal,Rural,96.78999999999999,52.8,INC-UPA,1,21.38,1,156,145,145,301,24,24,24,0,1,1
Odisha,Anugul,Rural,68.08999999999999,13.3,Third Front,1,10.09,1,94,92,92,186,23.89503257392011,24,20,-4,1,1
Odisha,Anugul,Urban,48.16,48,Third Front,0,8.450000000000001,1,326,242,242,568,23.80385708697262,24,20,-4,1,1
Odisha,Balangir,Rural,78.42,14.5,Third Front,0,3.47,1,190,111,111,301,21.55908584905796,24,24,0,1,1
Odisha,Balangir,Urban,71.76000000000001,34,Third Front,1,12.97,1,255,218,218,473,22.97199509937236,24,24,0,1,1
Odisha,Baleshwar,Rural,51.78,20.1,Third Front,1,6.49,1,197,194,194,391,23.91831029721473,24,24,0,1,1
Odisha,Cuttack,Rural,48.67,23,Third Front,1,20.26,1,226,206,206,432,23.46685343601266,24,24,0,1,1
Odisha,Cuttack,Urban,41.4,57,Third Front,1,31.68,1,285,289,285,574,13.401178350843,24,24,0,1,1
Odisha,Ganjam,Rural,50,25.9,Third Front,1,23.53,1,10,185,10,195,23.34297709601659,24,20,-4,1,1
Odisha,Ganjam,Urban,52.03,45,Third Front,1,18.59,1,271,270,270,541,22.69204538951143,24,24,0,1,1
Odisha,Jagatsinghapur,Rural,86.44,17,Third Front,1,20.35,1,59,48,48,107,24,24,24,0,1,1
Odisha,Jagatsinghapur,Urban,41.18,28.5,Third Front,1,24.15,1,289,279,279,568,23.77195712686382,24,24,0,1,1
Odisha,Kendrapara,Rural,37.5,37.2,Third Front,1,13.42,1,16,16,16,32,22.90524759883258,24,24,0,1,1
Odisha,Kendujhar,Urban,63.61,40,Third Front,0,.12,1,349,275,275,624,22.11504477673703,24,20,-4,1,1
Odisha,Khordha,Urban,42.21,59,Third Front,1,48.82,1,308,253,253,561,9.611604573048183,24,24,0,1,1
Odisha,Koraput,Rural,100,11.3,Third Front,0,4.93,1,26,16,16,42,19.94211292679501,0,24,24,0,1
Odisha,Koraput,Urban,63.89,29.9,Third Front,1,7.470000000000001,1,288,253,253,541,20.44973586370232,24,24,0,1,1
Odisha,Mayurbhanj,Rural,86.08,19.5,Third Front,1,9.800000000000001,1,194,134,134,328,19.46775916297778,24,24,0,1,1
Odisha,Mayurbhanj,Urban,37.81,60,Third Front,1,9.34,1,283,259,259,542,19.90297685463117,24,24,0,1,1
Odisha,Nayagarh,Rural,76.42999999999999,22.3,Third Front,1,22.11,1,140,91,91,231,18.53381984346933,24,20,-4,1,1
Odisha,Puri,Rural,31.3,21.2,Third Front,1,8.290000000000001,1,131,114,114,245,23.3732455562818,24,24,0,1,1
Odisha,Puri,Urban,29.93,60,Third Front,1,11.27,1,284,245,245,529,23.87327820851277,24,24,0,1,1
Odisha,Rayagada,Rural,97.87,13.4,Third Front,1,13.17,1,141,80,80,221,22.60536230817283,24,24,0,1,1
Odisha,Sambalpur,Rural,92.04000000000001,18.2,Third Front,0,9.59,1,113,80,80,193,20.045809001123,24,20,-4,1,1
Odisha,Sundargarh,Rural,99.46000000000001,14,Third Front,0,16.66,1,186,122,122,308,22.19783448555184,24,20,-4,1,1
Odisha,Sundargarh,Urban,45.57,60,Third Front,1,26.53,1,531,516,516,1047,19.47513595945772,24,24,0,1,1
Puducherry,Puducherry,Rural,92.17,45,BJP-NDA,1,8.58,1,434,415,415,849,24,24,24,0,1,1
Puducherry,Puducherry,Urban,94.28999999999999,46.5,BJP-NDA,1,20.49,1,595,538,538,1133,22.39825494344696,24,24,0,1,1
Punjab,Amritsar,Rural,56.76,70,BJP-NDA,1,2.75,1,148,152,148,300,20.89371528501768,22,22,0,0,1
Punjab,Amritsar,Urban,60.99,70,BJP-NDA,1,15.08,1,505,523,505,1028,21.13184893787923,22,22,0,0,1
Punjab,Barnala,Rural,10,135,BJP-NDA,0,6.370000000000001,1,30,62,30,92,21.4158,21,24,3,0,1
Punjab,Bathinda,Urban,51.76,65,BJP-NDA,1,4.859999999999999,1,313,318,313,631,21.4158,21,24,3,0,1
Punjab,Firozpur,Rural,45.22,67.09999999999999,BJP-NDA,1,2.56,1,230,134,134,364,21.2815726514617,21,22,1,0,1
Punjab,Firozpur,Urban,41.36,80,BJP-NDA,0,18.58,1,324,299,299,623,21.34572024576068,21,24,3,0,1
Punjab,Gurdaspur,Rural,58.65000000000001,74.5,BJP-NDA,0,8.450000000000001,1,416,373,373,789,21.17114327650304,21,22,1,0,1
Punjab,Hoshiarpur,Rural,92.86,129.5,BJP-NDA,1,5.1,1,14,55,14,69,20.68061119503928,21,22,1,0,1
Punjab,Hoshiarpur,Urban,56.48,60.5,BJP-NDA,0,7.739999999999999,1,301,265,265,566,21.28910790392161,21,22,1,0,1
Punjab,Jalandhar,Rural,59.66,21.35,BJP-NDA,1,5.16,1,119,112,112,231,21.22420152370704,21,24,3,0,1
Punjab,Jalandhar,Urban,52.01,66,BJP-NDA,1,1.46,1,423,378,378,801,21.2234108186647,21,24,3,0,1
Punjab,Kapurthala,Urban,49.2,120,BJP-NDA,0,13.85,1,313,252,252,565,21.15969817538886,22,22,0,0,1
Punjab,Ludhiana,Rural,63.19,24,BJP-NDA,1,3.59,1,144,144,144,288,21.64808996246758,22,24,2,0,1
Punjab,Ludhiana,Urban,48.51,72,BJP-NDA,0,11.62,1,841,849,841,1690,20.37487441360163,21,24,3,0,1
Punjab,Moga,Urban,61.98,46,BJP-NDA,0,3.45,1,313,262,262,575,17.96284100660637,21,22,1,0,1
Punjab,Patiala,Urban,40.38,94,BJP-NDA,0,32.94,1,312,316,312,628,21.76888834002548,21,24,3,0,1
Punjab,Rupnagar,Urban,42.77,100,BJP-NDA,1,7.739999999999999,1,311,285,285,596,20.66656121430959,21,24,3,0,1
Punjab,Sahibzada Ajit Singh Nagar,Urban,28,100,BJP-NDA,0,10.97,1,450,390,390,840,21.69930192716629,20,24,4,0,1
Punjab,Sangrur,Rural,31.35,105.3,BJP-NDA,1,3.71,1,185,127,127,312,21.46139049223957,21,24,3,0,1
Punjab,Tarn Taran,Rural,9.520000000000001,166.8,BJP-NDA,1,5.54,1,42,50,42,92,19.15479897601063,22,22,0,0,1
Rajasthan,Ajmer,Rural,3.12,34.3,BJP-NDA,1,18.29,0,32,16,16,48,19.3444,24,24,0,1,1
Rajasthan,Ajmer,Urban,53.29000000000001,56.6,BJP-NDA,1,19.18,0,289,303,289,592,20.81113165650721,24,24,0,1,1
Rajasthan,Alwar,Rural,81.82000000000001,46,BJP-NDA,1,12.42,1,121,104,104,225,22.94746254616597,20,24,4,0,1
Rajasthan,Alwar,Urban,39.15,64,BJP-NDA,1,44.81,1,751,715,715,1466,19.38046371334168,24,24,0,1,1
Rajasthan,Banswara,Rural,89.39,22,BJP-NDA,1,14.35,0,245,139,139,384,23.27981094974425,24,24,0,1,1
Rajasthan,Barmer,Rural,48.20999999999999,44,BJP-NDA,1,15.89,0,168,143,143,311,23.53699074644175,24,24,0,1,1
Rajasthan,Bharatpur,Rural,25,51.8,BJP-NDA,1,6.569999999999999,0,152,160,152,312,22.91904911760351,18.5,24,5.5,0,1
Rajasthan,Bharatpur,Urban,45.52,46.1,BJP-NDA,1,15.48,1,268,312,268,580,22.05676805623828,24,24,0,1,1
Rajasthan,Bhilwara,Urban,57.73,43.5,BJP-NDA,1,33.05,0,317,290,290,607,23.93671100623185,24,24,0,1,1
Rajasthan,Bundi,Rural,64.31999999999999,25,BJP-NDA,0,9.76,1,241,165,165,406,23.1320610573933,24,24,0,1,1
Rajasthan,Bundi,Urban,58.25,51,BJP-NDA,1,15.5,0,309,320,309,629,19.8174,24,24,0,1,1
Rajasthan,Chittaurgarh,Urban,47.24,48,BJP-NDA,1,6.99,0,326,299,299,625,23.30816975114208,24,24,0,1,1
Rajasthan,Dausa,Rural,74.7,58,BJP-NDA,0,3.4,0,83,81,81,164,23.77746073592624,22,24,2,0,1
Rajasthan,Dausa,Urban,49.5,38,BJP-NDA,1,17.92,0,303,312,303,615,23.36708996125414,24,24,0,1,1
Rajasthan,Ganganagar,Rural,75.90000000000001,47,BJP-NDA,1,9.68,1,249,218,218,467,23.28145174464158,22,24,2,0,1
Rajasthan,Ganganagar,Urban,51.41,60,BJP-NDA,0,13.89,1,319,316,316,635,21.50105564129575,21,24,3,0,1
Rajasthan,Hanumangarh,Rural,21.28,50.8,BJP-NDA,1,10.63,1,47,16,16,63,23.83030510023345,21,24,3,0,1
Rajasthan,Jaipur,Rural,55.40000000000001,50,BJP-NDA,1,12.63,0,352,254,254,606,19.96787022718811,24,24,0,1,1
Rajasthan,Jaipur,Urban,40,100,BJP-NDA,1,9.030000000000001,0,480,567,480,1047,22.2756,24,24,0,1,1
Rajasthan,Jaisalmer,Urban,77.45,44,BJP-NDA,1,13.06,0,102,317,102,419,21.68135991522889,24,24,0,1,1
Rajasthan,Jalor,Rural,96,30,BJP-NDA,1,19.56,0,25,14,14,39,23.22031587217829,24,24,0,1,1
Rajasthan,Jhalawar,Rural,75.53,23.3,BJP-NDA,1,20.59,1,94,25,25,119,22.99618319272887,24,24,0,1,1
Rajasthan,Jhalawar,Urban,70.17999999999999,36.6,BJP-NDA,1,34.32,1,342,292,292,634,21.89551287019113,24,24,0,1,1
Rajasthan,Jhunjhunun,Rural,34.86,67.7,BJP-NDA,1,9.800000000000001,1,175,188,175,363,22.13658595870151,24,24,0,1,1
Rajasthan,Jhunjhunun,Urban,70.26000000000001,51.2,BJP-NDA,0,17.03,1,269,301,269,570,22.34763435881378,24,24,0,1,1
Rajasthan,Jodhpur,Rural,60.33,42.2,BJP-NDA,1,13.01,0,121,118,118,239,19.79580630020225,20,24,4,0,1
Rajasthan,Jodhpur,Urban,44.98,60,BJP-NDA,1,14,0,418,315,315,733,20.91739849910019,24,24,0,1,1
Rajasthan,Kota,Rural,94.12,26,BJP-NDA,1,10.55,1,102,91,91,193,23.96257467502226,18,24,6,0,1
Rajasthan,Kota,Urban,53.05,57,BJP-NDA,1,18.79,1,426,382,382,808,23.19450687820934,24,24,0,1,1
Rajasthan,Nagaur,Rural,55.16999999999999,37.6,BJP-NDA,1,11.34,0,87,84,84,171,23.91258462757463,19,24,5,0,1
Rajasthan,Pali,Rural,77.27000000000001,30.8,BJP-NDA,1,13.3,0,110,89,89,199,23.9339,24,24,0,1,1
Rajasthan,Pali,Urban,49.54,44.1,BJP-NDA,1,19,0,323,259,259,582,22.72583864650152,24,24,0,1,1
Rajasthan,Pratapgarh,Rural,100,22.6,BJP-NDA,1,19.47,0,45,48,45,93,23.86792851852773,0,24,24,0,1
Rajasthan,Rajsamand,Urban,58.96,42.1,BJP-NDA,1,21.61,0,307,311,307,618,21.18577186498192,24,24,0,1,1
Rajasthan,Sawai Madhopur,Rural,77.31,24.7,BJP-NDA,1,4.79,1,119,56,56,175,23.40597994761537,24,24,0,1,1
Rajasthan,Sawai Madhopur,Urban,55.90000000000001,37,BJP-NDA,1,14.03,1,322,318,318,640,22.16775360371971,24,24,0,1,1
Rajasthan,Sikar,Urban,46.85,48,BJP-NDA,1,8.219999999999999,1,333,314,314,647,22.66510372260448,24,24,0,1,1
Rajasthan,Sirohi,Rural,100,30.4,BJP-NDA,1,22.01,0,15,14,14,29,23.9339,18,18,0,0,1
Rajasthan,Tonk,Rural,63.84999999999999,37.8,BJP-NDA,1,18.41,0,130,87,87,217,23.13835561627753,24,24,0,1,1
Rajasthan,Udaipur,Rural,76.73999999999999,29.4,BJP-NDA,1,6.72,0,215,124,124,339,23.7114983037323,24,24,0,1,1
Rajasthan,Udaipur,Urban,38.19,47.4,BJP-NDA,1,13.56,0,309,307,307,616,22.78073140811884,24,24,0,1,1
Tamil Nadu,Chennai,Urban,78.09,84,BJP-NDA,1,14.39,1,607,678,607,1285,23.79868959489446,24,24,0,1,1
Tamil Nadu,Coimbatore,Rural,100,33,BJP-NDA,0,8.870000000000001,1,72,98,72,170,20.10052678319976,24,24,0,1,1
Tamil Nadu,Coimbatore,Urban,89.84,51.5,BJP-NDA,1,21.6,1,364,395,364,759,23.47496725818332,24,24,0,1,1
Tamil Nadu,Cuddalore,Rural,99.26000000000001,48,BJP-NDA,1,8.619999999999999,1,272,256,256,528,23.91893634647776,20,24,4,0,1
Tamil Nadu,Cuddalore,Urban,89.31,46,BJP-NDA,0,10.93,1,290,270,270,560,21.43911041120996,20,24,4,0,1
Tamil Nadu,Dharmapuri,Rural,96.75,39.5,BJP-NDA,0,7.109999999999999,1,123,149,123,272,22.70872987347077,24,24,0,1,1
Tamil Nadu,Dindigul,Rural,96.43000000000001,36.5,BJP-NDA,1,19.45,1,112,116,112,228,22.8577118555793,23,24,1,0,1
Tamil Nadu,Dindigul,Urban,84.84,40,BJP-NDA,0,26.46,1,277,287,277,564,23.12779337872493,24,24,0,1,1
Tamil Nadu,Erode,Rural,100,40,BJP-NDA,1,17.67,1,73,85,73,158,23.80052251837634,24,24,0,1,1
Tamil Nadu,Erode,Urban,89.19,56.4,BJP-NDA,1,24.73,1,296,256,256,552,23.6712,24,24,0,1,1
Tamil Nadu,Kancheepuram,Rural,95.96000000000001,45.7,BJP-NDA,1,12.52,1,198,176,176,374,22.82087943788708,24,24,0,1,1
Tamil Nadu,Madurai,Rural,97.27,38.5,BJP-NDA,1,15.16,1,110,91,91,201,23.2234342195716,24,24,0,1,1
Tamil Nadu,Madurai,Urban,86.29000000000001,51,BJP-NDA,0,27.1,1,372,400,372,772,23.46702115060816,22.5,24,1.5,0,1
Tamil Nadu,Nagapattinam,Rural,97.44,31,BJP-NDA,1,7.539999999999999,1,39,32,32,71,21.89509505041304,24,24,0,1,1
Tamil Nadu,Pudukkottai,Rural,98.08,35,BJP-NDA,1,16.1,1,52,58,52,110,23.72910068539922,23,24,1,0,1
Tamil Nadu,Salem,Rural,100,53,BJP-NDA,1,18.9,1,37,56,37,93,23.59112436833182,24,24,0,1,1
Tamil Nadu,Salem,Urban,92.78999999999999,46.5,BJP-NDA,1,17.98,1,416,335,335,751,23.41692075236353,24,24,0,1,1
Tamil Nadu,Sivaganga,Rural,98.78,32.5,BJP-NDA,1,8.67,1,82,76,76,158,23.73898497886622,24,24,0,1,1
Tamil Nadu,Sivaganga,Urban,89.18000000000001,41,BJP-NDA,0,.9199999999999999,1,231,285,231,516,23.46284022979717,24,24,0,1,1
Tamil Nadu,Thanjavur,Rural,98.81,40.5,BJP-NDA,1,7.46,1,168,189,168,357,23.41898683670254,24,24,0,1,1
Tamil Nadu,Thanjavur,Urban,84.11,48,BJP-NDA,0,.79,1,214,396,214,610,23.73854306848517,24,24,0,1,1
Tamil Nadu,Theni,Urban,84.61999999999999,36.008,BJP-NDA,0,5.44,1,338,317,317,655,23.8846,24,24,0,1,1
Tamil Nadu,Thiruvallur,Rural,74.62,52,BJP-NDA,0,15.11,1,197,182,182,379,22.53249155427893,24,24,0,1,1
Tamil Nadu,Thiruvallur,Urban,80.15000000000001,60.5,BJP-NDA,1,16.67,1,922,868,868,1790,22.57492993619104,24,24,0,1,1
Tamil Nadu,Thiruvarur,Rural,100,41,BJP-NDA,0,10.01,1,60,63,60,123,23.4837765052003,24,24,0,1,1
Tamil Nadu,Thoothukkudi,Rural,100,38,BJP-NDA,0,18.41,1,81,82,81,163,22.03004661878452,24,24,0,1,1
Tamil Nadu,Tiruchirappalli,Urban,83.62,48,BJP-NDA,1,4.65,1,403,441,403,844,23.6333626023126,24,24,0,1,1
Tamil Nadu,Tirunelveli,Rural,100,40,BJP-NDA,1,12.05,1,22,48,22,70,23.87096539420838,24,24,0,1,1
Tamil Nadu,Tirunelveli,Urban,93.16,40,BJP-NDA,1,11.72,1,234,253,234,487,22.53805597278085,24,24,0,1,1
Tamil Nadu,Tiruppur,Rural,97.37,37,BJP-NDA,1,26.38,1,76,88,76,164,21.99065112408273,24,24,0,1,1
Tamil Nadu,Tiruppur,Urban,97.68000000000001,39.5,BJP-NDA,0,35.37,1,560,523,523,1083,19.41998736487776,24,24,0,1,1
Tamil Nadu,Vellore,Rural,100,60,BJP-NDA,1,13.45,1,54,112,54,166,21.43057321176017,21,24,3,0,1
Tamil Nadu,Vellore,Urban,81.43000000000001,64,BJP-NDA,1,6.93,1,307,281,281,588,19.62557081198445,24,24,0,1,1
Tamil Nadu,Viluppuram,Rural,98.39,48,BJP-NDA,1,10.14,1,186,175,175,361,23.46234744248519,24,24,0,1,1
Tamil Nadu,Viluppuram,Urban,88.62,58.5,BJP-NDA,1,11.42,1,325,293,293,618,22.11358714764342,24,24,0,1,1
Tamil Nadu,Virudhunagar,Rural,89.92,28.35,BJP-NDA,1,13.29,1,119,120,119,239,23.88981636345112,24,24,0,1,1
Telangana,Adilabad,Rural,91.3,42,INC-UPA,0,10.26,1,230,144,144,374,19.96610596789699,17,24,7,0,1
Telangana,Adilabad,Urban,63.95,48,INC-UPA,0,10.46,1,294,285,285,579,17.12191728042983,20,24,4,0,1
Telangana,Hyderabad,Urban,68.54000000000001,56,INC-UPA,0,11.53,1,731,727,727,1458,19.6575806842648,22,24,2,0,1
Telangana,Karimnagar,Rural,82.67,32.4,INC-UPA,0,8.75,1,75,126,75,201,22.35671883725179,14,24,10,0,1
Telangana,Karimnagar,Urban,76.91,33.5,INC-UPA,0,11.69,1,550,624,550,1174,17.22904531419892,16,24,8,0,1
Telangana,Khammam,Rural,92.97,27.6,INC-UPA,1,4.08,1,185,186,185,371,17.16595032279547,16,24,8,0,1
Telangana,Khammam,Urban,60.41999999999999,44,INC-UPA,0,1.61,1,283,273,273,556,19.64384959484959,20,24,4,0,1
Telangana,Mahbubnagar,Rural,63.09,42.9,INC-UPA,0,5.26,1,149,270,149,419,20.60807120841076,18,24,6,0,1
Telangana,Mahbubnagar,Urban,68.21000000000001,46,INC-UPA,0,4.41,1,302,288,288,590,18.55409170743869,21,24,3,0,1
Telangana,Medak,Rural,80.72,52,INC-UPA,1,6.22,1,223,239,223,462,19.28865149882337,15,24,9,0,1
Telangana,Nalgonda,Rural,75.27000000000001,44.4,INC-UPA,1,6.3,1,93,148,93,241,18.79948905193508,18,24,6,0,1
Telangana,Nalgonda,Urban,75.58,40,INC-UPA,1,4.100000000000001,1,303,270,270,573,15.38618103614627,22,24,2,0,1
Telangana,Nizamabad,Rural,88.89,28,INC-UPA,0,20.35,1,90,153,90,243,19.28130169039258,17,24,7,0,1
Telangana,Rangareddy,Rural,76.22,52,INC-UPA,0,5.220000000000001,1,185,198,185,383,21.38592663506648,16,24,8,0,1
Telangana,Rangareddy,Urban,60.47,53.5,INC-UPA,1,6.72,1,731,675,675,1406,17.48609851236524,23,24,1,0,1
Telangana,Warangal,Rural,90,44.4,INC-UPA,1,5.91,1,30,128,30,158,16.03326948415972,20,24,4,0,1
Telangana,Warangal,Urban,83.77,83.2,INC-UPA,0,5.72,1,573,551,551,1124,16.89610349380243,16,24,8,0,1
Uttar Pradesh,Agra,Rural,77.39,36,Third Front,0,3.24,1,199,206,199,405,18.05052576166991,14,24,10,0,1
Uttar Pradesh,Agra,Urban,53.37,63,Third Front,0,10.53,1,534,477,477,1011,18.66440755127736,21,24,3,0,1
Uttar Pradesh,Aligarh,Rural,42.98,29.8,Third Front,0,4.31,1,121,96,96,217,19.36684458460918,12,24,12,0,1
Uttar Pradesh,Aligarh,Urban,36.59,56,Third Front,1,6.419999999999999,1,440,417,417,857,17.00115834235489,18,24,6,0,1
Uttar Pradesh,Allahabad,Rural,61.45,42,Third Front,1,4.31,1,83,64,64,147,17.56407571870792,15,16,1,0,1
Uttar Pradesh,Allahabad,Urban,67.58999999999999,59.5,Third Front,0,.35,1,796,697,697,1493,13.93656825879194,20,20,0,0,1
Uttar Pradesh,Ambedkar Nagar,Rural,63.33,33,Third Front,1,14.8,1,30,15,15,45,19.60280058067758,0,20,20,0,1
Uttar Pradesh,Auraiya,Rural,51.28,41.2,Third Front,1,9.049999999999999,1,39,47,39,86,14.93654023267288,24,19,-5,1,1
Uttar Pradesh,Azamgarh,Rural,80.82000000000001,32,Third Front,1,6.05,1,73,78,73,151,20.58627464482821,10,20,10,0,1
Uttar Pradesh,Bahraich,Rural,72.41,48,Third Front,0,3.73,1,145,136,136,281,18.0244,16,20,4,0,1
Uttar Pradesh,Bahraich,Urban,44,49.5,Third Front,0,2.62,1,350,249,249,599,17.89565361171929,18,24,6,0,1
Uttar Pradesh,Ballia,Rural,27.69,59,Third Front,1,8.93,1,65,90,65,155,17.4018207633367,13,20,7,0,1
Uttar Pradesh,Ballia,Urban,50.93,60,Third Front,1,14.83,1,322,262,262,584,17.24433991499805,16,20,4,0,1
Uttar Pradesh,Balrampur,Rural,88.89,45,Third Front,1,14.1,1,27,23,23,50,16.55463625836459,16,20,4,0,1
Uttar Pradesh,Balrampur,Urban,51.59,56,Third Front,1,11.23,1,314,298,298,612,16.75797396198677,17,24,7,0,1
Uttar Pradesh,Banda,Rural,80,19.5,Third Front,0,2.75,1,30,29,29,59,17.24839075826148,14.5,16,1.5,0,1
Uttar Pradesh,Bara Banki,Rural,76.06,82,Third Front,1,10.13,1,71,54,54,125,16.99507092228837,16,16,0,0,1
Uttar Pradesh,Bareilly,Rural,72.56,24.5,Third Front,0,3.49,1,164,211,164,375,19.66705728809595,12,17,5,0,1
Uttar Pradesh,Bareilly,Urban,50.52999999999999,45,Third Front,0,12.31,1,376,362,362,738,13.6707,17.5,22,4.5,0,1
Uttar Pradesh,Basti,Rural,73.2,28,Third Front,1,10.41,1,306,305,305,611,12.96286110531423,12,20,8,0,1
Uttar Pradesh,Basti,Urban,61.49,36.5,Third Front,0,10.48,1,309,242,242,551,11.90893526710795,19,24,5,0,1
Uttar Pradesh,Bijnor,Rural,100,32.7,Third Front,0,8.25,1,31,41,31,72,15.4384786120874,17,18,1,0,1
Uttar Pradesh,Bijnor,Urban,50.34999999999999,85,Third Front,1,7.449999999999999,1,286,274,274,560,14.99891599628662,16,20,4,0,1
Uttar Pradesh,Budaun,Rural,97.56,44,Third Front,1,4.32,1,41,48,41,89,13.5487251670495,18,24,6,0,1
Uttar Pradesh,Chitrakoot,Rural,100,20,Third Front,0,2.22,1,18,13,13,31,17.3227984472686,0,16,16,0,1
Uttar Pradesh,Chitrakoot,Urban,49.57,42,Third Front,1,8.85,1,230,299,230,529,10.24414659911713,19,21,2,0,1
Uttar Pradesh,Deoria,Rural,82.91,33.2,Third Front,1,7.61,1,158,151,151,309,15.16407980810949,12,20,8,0,1
Uttar Pradesh,Etah,Rural,75.36,29.1,Third Front,1,13.03,1,69,32,32,101,14.38752966547612,15,23,8,0,1
Uttar Pradesh,Etah,Urban,59.08,80,Third Front,1,13.02,1,347,303,303,650,10.58642555278467,18,24,6,0,1
Uttar Pradesh,Etawah,Rural,85.37,48,Third Front,1,23.08,1,123,152,123,275,15.49681151552744,16,19,3,0,1
Uttar Pradesh,Etawah,Urban,49.83000000000001,48,Third Front,1,3.13,1,301,244,244,545,14.88975582291179,18,20,2,0,1
Uttar Pradesh,Faizabad,Rural,62.71,30.1,Third Front,1,19.6,1,59,58,58,117,9.112375980574727,12,20,8,0,1
Uttar Pradesh,Faizabad,Urban,60.9,69.75,Third Front,1,2.81,1,312,261,261,573,15.31505104272703,16,20,4,0,1
Uttar Pradesh,Farrukhabad,Rural,44.83,60,Third Front,1,11.17,0,29,16,16,45,14.31140770872275,18,23,5,0,1
Uttar Pradesh,Farrukhabad,Urban,38.84,50.008,Third Front,1,10.81,1,345,306,306,651,11.24658263407633,18,24,6,0,1
Uttar Pradesh,Fatehpur,Rural,72.85000000000001,19.5,Third Front,0,7.6,1,151,148,148,299,14.66658092053081,0,16,16,0,1
Uttar Pradesh,Fatehpur,Urban,76.59,30.5,Third Front,1,2.03,1,299,318,299,617,19.79722149571534,18,20,2,0,1
Uttar Pradesh,Firozabad,Rural,94.64,28.7,Third Front,1,17.8,1,112,95,95,207,14.52728003930951,15,24,9,0,1
Uttar Pradesh,Gautam Buddha Nagar,Urban,38.87,100,Third Front,0,13.2,1,548,566,548,1114,18.03738915194543,24,24,0,1,1
Uttar Pradesh,Ghaziabad,Rural,66.43000000000001,58,Third Front,0,4.77,1,143,147,143,290,20.55135403219197,13,17,4,0,1
Uttar Pradesh,Ghaziabad,Urban,41.97,60,Third Front,0,9.19,1,1034,895,895,1929,19.33989175784052,18,21,3,0,1
Uttar Pradesh,Ghazipur,Rural,75,40.6,Third Front,1,6.34,1,184,208,184,392,20.69463677320649,13,20,7,0,1
Uttar Pradesh,Ghazipur,Urban,62.97000000000001,34.7,Third Front,1,.13,1,316,273,273,589,17.56770062581863,15,24,9,0,1
Uttar Pradesh,Gonda,Rural,48.28,50,Third Front,1,7.51,1,203,183,183,386,15.99404998561857,18,20,2,0,1
Uttar Pradesh,Gorakhpur,Rural,82.09,34.6,Third Front,0,5.72,1,134,133,133,267,17.92525660327318,12,20,8,0,1
Uttar Pradesh,Gorakhpur,Urban,56.83000000000001,63.5,Third Front,0,17.82,1,322,230,230,552,17.64712865233464,18,20.5,2.5,0,1
Uttar Pradesh,Hamirpur,Rural,83.76000000000001,28,Third Front,0,9.700000000000001,1,117,76,76,193,19.83932827587309,12,20,8,0,1
Uttar Pradesh,Hardoi,Rural,84.09,19.1,Third Front,1,3.64,1,44,55,44,99,17.99433338304209,0,14,14,0,1
Uttar Pradesh,Jalaun,Urban,80.84,76,Third Front,0,2.99,1,261,158,158,419,17.31538593007012,15,20,5,0,1
Uttar Pradesh,Jaunpur,Rural,76.38000000000001,33.5,Third Front,1,5.06,1,271,275,271,546,16.002514406875,12,20,8,0,1
Uttar Pradesh,Jaunpur,Urban,71.89,54,Third Front,1,16.28,1,338,245,245,583,17.88717966831743,17,21,4,0,1
Uttar Pradesh,Jhansi,Rural,60.58,26,Third Front,1,3.49,1,241,211,211,452,16.19444216467183,20,19,-1,0,1
Uttar Pradesh,Jhansi,Urban,71.39,32.5,Third Front,0,3.78,1,664,597,597,1261,16.27045341549474,17,20,3,0,1
Uttar Pradesh,Kannauj,Rural,79.17,62,Third Front,1,17.37,1,24,28,24,52,17.03210457548644,18,19,1,0,1
Uttar Pradesh,Kanpur Dehat,Rural,71.43000000000001,48.9,Third Front,1,1.78,1,21,16,16,37,20.26593913526446,15,20,5,0,1
Uttar Pradesh,Kanpur Nagar,Rural,62.29,32,Third Front,1,3.93,1,175,176,175,351,19.26355435074157,13,19,6,0,1
Uttar Pradesh,Kanpur Nagar,Urban,56.21000000000001,52.5,Third Front,0,7.049999999999999,1,813,745,745,1558,13.07842500326221,16,21,5,0,1
Uttar Pradesh,Kanshiram Nagar,Rural,61.9,30,Third Front,0,9.02,1,105,96,96,201,19.63170567011692,15,24,9,0,1
Uttar Pradesh,Kheri,Rural,68,26.5,Third Front,0,8.68,0,75,77,75,152,17.52697873991903,10,16,6,0,1
Uttar Pradesh,Kheri,Urban,66.75999999999999,35.5,Third Front,1,17.75,0,352,306,306,658,14.62775884522197,17,17,0,0,1
Uttar Pradesh,Lalitpur,Rural,66.92,20.1,Third Front,0,2.38,1,130,78,78,208,14.36653999436883,20,19,-1,0,1
Uttar Pradesh,Lucknow,Rural,90.28,25.5,Third Front,1,1.1,1,144,144,144,288,16.24946997973712,14,24,10,0,1
Uttar Pradesh,Lucknow,Urban,44.49,65,Third Front,1,7.8,1,508,484,484,992,17.15712909691802,24,24,0,1,1
Uttar Pradesh,Mahamaya Nagar,Rural,50,36.5,Third Front,0,1.63,1,48,48,48,96,21.80180552901416,21,23,2,0,1
Uttar Pradesh,Mahrajganj,Rural,96.55,22,Third Front,0,5.94,1,29,24,24,53,14.64370670113116,12,20,8,0,1
Uttar Pradesh,Mainpuri,Rural,85.58,47.3,Third Front,1,17.8,1,215,207,207,422,16.58461825862328,12,24,12,0,1
Uttar Pradesh,Mathura,Rural,29.03,39,Third Front,0,9.84,0,62,46,46,108,16.20384678962022,12,24,12,0,1
Uttar Pradesh,Mathura,Urban,41.07,70.5,Third Front,0,.25,0,638,605,605,1243,14.01897730499296,18,24,6,0,1
Uttar Pradesh,Mau,Rural,86.79000000000001,35,Third Front,0,3.36,1,53,32,32,85,18.83923009146246,14,20,6,0,1
Uttar Pradesh,Mau,Urban,61.4,39.4,Third Front,0,2.63,1,329,298,298,627,16.72508998240674,15,20,5,0,1
Uttar Pradesh,Meerut,Rural,53.26,40.5,Third Front,1,4.56,1,276,277,276,553,20.05815350958721,12,18,6,0,1
Uttar Pradesh,Meerut,Urban,43.35,78.5,Third Front,0,3.5,1,489,436,436,925,17.0662756087476,19,18,-1,0,1
Uttar Pradesh,Mirzapur,Rural,84.39,34.5,Third Front,1,8.369999999999999,1,173,185,173,358,11.33842063884732,13,16,3,0,1
Uttar Pradesh,Moradabad,Rural,77.64999999999999,28,Third Front,0,4.32,1,85,95,85,180,17.51302604441902,12,15,3,0,1
Uttar Pradesh,Moradabad,Urban,49,56,Third Front,1,11.12,1,400,390,390,790,18.67998744185029,20,19,-1,0,1
Uttar Pradesh,Muzaffarnagar,Rural,74.59,40,Third Front,0,6.44,1,122,72,72,194,19.35336110803793,14,18,4,0,1
Uttar Pradesh,Muzaffarnagar,Urban,52.19,61.65,Third Front,0,6.16,1,297,178,178,475,16.74272534300664,15,18,3,0,1
Uttar Pradesh,Pilibhit,Rural,100,30,Third Front,1,13.77,1,90,15,15,105,19.84613350618549,14,14,0,0,1
Uttar Pradesh,Pratapgarh,Rural,85.47,32,Third Front,1,7.779999999999999,1,172,119,119,291,19.44856473286809,16,16,0,0,1
Uttar Pradesh,Rae Bareli,Rural,64.29000000000001,40,Third Front,1,7.77,1,70,61,61,131,19.84293310262643,16,18,2,0,1
Uttar Pradesh,Rae Bareli,Urban,51.29,64,Third Front,0,15.5,1,310,307,307,617,15.80333779167981,24,24,0,1,1
Uttar Pradesh,Rampur,Rural,80,24,Third Front,0,6.73,1,70,114,70,184,20.19721391267849,15,17,2,0,1
Uttar Pradesh,Rampur,Urban,69.87,49.2,Third Front,1,36.54,1,312,293,293,605,15.3857,14,21,7,0,1
Uttar Pradesh,Saharanpur,Rural,82.38,41.7,Third Front,0,1.76,1,227,243,227,470,18.83837287608605,18,17,-1,0,1
Uttar Pradesh,Saharanpur,Urban,45.73,67,Third Front,0,7.07,1,293,233,233,526,18.77388082436876,16,20,4,0,1
Uttar Pradesh,Sant Kabir Nagar,Rural,92.38,21.6,Third Front,1,7.75,1,105,82,82,187,13.99267947536946,12,18,6,0,1
Uttar Pradesh,Shahjahanpur,Rural,87.31,28.5,Third Front,0,4.279999999999999,1,134,88,88,222,16.74248145766115,11,16.5,5.5,0,1
Uttar Pradesh,Shahjahanpur,Urban,58.41,47,Third Front,1,2.31,1,327,285,285,612,15.63293232576619,18,21,3,0,1
Uttar Pradesh,Shrawasti,Rural,39.29000000000001,86,Third Front,1,4.5,1,28,10,10,38,16.1420729358755,16,10,-6,0,1
Uttar Pradesh,Sitapur,Rural,70.59,27,Third Front,1,5.04,1,170,173,170,343,20.30768698336974,0,16,16,0,1
Uttar Pradesh,Sultanpur,Rural,51.69,24.9,Third Front,1,11.06,1,89,140,89,229,18.18356223499128,12,20,8,0,1
Uttar Pradesh,Sultanpur,Urban,53.82,40,Third Front,1,3.76,1,288,269,269,557,15.77784529927812,19,20,1,0,1
Uttar Pradesh,Unnao,Rural,79.03,20,Third Front,1,5.33,1,267,220,220,487,16.4011705684957,7,16,9,0,1
Uttar Pradesh,Varanasi,Rural,100,28,Third Front,0,5.11,1,30,32,30,62,18.17280100644691,13,21.5,8.5,0,1
Uttar Pradesh,Varanasi,Urban,63.26000000000001,57,Third Front,0,7.109999999999999,1,430,420,420,850,17.17302141136794,20,20,0,0,1
Uttarakhand,Dehradun,Rural,55.32,57.6,INC-UPA,1,10.26,1,47,46,46,93,14.92060315656784,24,20,-4,1,1
Uttarakhand,Dehradun,Urban,15.26,100,INC-UPA,0,8.129999999999999,1,308,290,290,598,18.65737680706638,24,22,-2,1,1
Uttarakhand,Garhwal,Rural,3.41,40,INC-UPA,0,8.75,1,88,89,88,177,22.25887408150675,24,20,-4,1,1
Uttarakhand,Hardwar,Rural,80,49,INC-UPA,0,5.24,1,130,167,130,297,23.94121406367473,19,20,1,0,1
Uttarakhand,Hardwar,Urban,45.26,109,INC-UPA,1,1.31,1,570,531,531,1101,22.41124905544448,24,22,-2,1,1
Uttarakhand,Nainital,Rural,11.76,56,INC-UPA,0,8.57,1,51,64,51,115,23.13638079698329,24,22,-2,1,1
Uttarakhand,Nainital,Urban,38.12,60,INC-UPA,0,21.19,1,341,283,283,624,22.44742829232366,17,22,5,0,1
Uttarakhand,Tehri Garhwal,Rural,33.33,32,INC-UPA,0,2.52,1,36,44,36,80,17.5642641590298,24,20,-4,1,1
Uttarakhand,Uttarkashi,Rural,62.5,45,INC-UPA,1,8.42,1,40,47,40,87,23.74085198680273,24,20,-4,1,1
West Bengal,Bankura,Rural,80.7,24.5,Third Front,1,4.42,1,171,176,171,347,21.32353349461372,24,24,0,1,1
West Bengal,Barddhaman,Rural,71.88,32.1,Third Front,0,6.32,1,377,434,377,811,20.4830399259277,24,24,0,1,1
West Bengal,Barddhaman,Urban,33.3,37.7,Third Front,1,13.46,1,937,777,777,1714,19.64888849326729,24,24,0,1,1
West Bengal,Birbhum,Rural,47.76000000000001,26.4,Third Front,0,5.17,1,201,186,186,387,20.80448903312631,24,24,0,1,1
West Bengal,Dakshin Dinajpur,Rural,0,28.2,Third Front,1,3.18,1,14,16,14,30,22.8195255712111,24,24,0,1,1
West Bengal,Darjiling,Urban,23.47,45,Third Front,0,4.15,0,392,233,233,625,23.9571,24,24,0,1,1
West Bengal,Haora,Rural,48.57,29.5,Third Front,1,12.56,1,490,349,349,839,18.7836888090405,24,24,0,1,1
West Bengal,Haora,Urban,35.76,43,Third Front,1,14.54,1,1001,744,744,1745,17.96818321650986,24,24,0,1,1
West Bengal,Hugli,Rural,40,23.8,Third Front,1,11.91,1,25,103,25,128,23.8801,24,24,0,1,1
West Bengal,Hugli,Urban,39.3,32,Third Front,1,23.55,1,313,245,245,558,23.05313445152341,24,24,0,1,1
West Bengal,Jalpaiguri,Rural,80.27,25.4,Third Front,0,4.390000000000001,0,147,165,147,312,19.13628430233792,24,24,0,1,1
West Bengal,Jalpaiguri,Urban,22.81,37.1,Third Front,0,4.33,0,285,195,195,480,22.79763071694952,24,24,0,1,1
West Bengal,Koch Bihar,Rural,67.7,20.3,Third Front,0,3.47,0,322,288,288,610,17.62994430938727,24,24,0,1,1
West Bengal,Koch Bihar,Urban,58.2,28.9,Third Front,0,1.87,0,323,238,238,561,20.62247030136179,24,24,0,1,1
West Bengal,Kolkata,Urban,26.05,54,Third Front,1,27.78,1,476,404,404,880,19.15551202472277,24,24,0,1,1
West Bengal,Maldah,Rural,96.3,35.7,Third Front,0,4.43,1,54,76,54,130,23.92688378806462,24,24,0,1,1
West Bengal,Murshidabad,Rural,8.42,27.3,Third Front,0,5.06,1,95,103,95,198,23.26805069024782,24,24,0,1,1
West Bengal,Murshidabad,Urban,39.84,44,Third Front,0,7.59,1,256,237,237,493,23.77495440539115,24,24,0,1,1
West Bengal,Nadia,Rural,64.09999999999999,23.4,Third Front,1,10.06,1,78,26,26,104,23.99003078800709,24,24,0,1,1
West Bengal,North Twenty Four Parganas,Rural,46.97,37,Third Front,1,10.9,1,198,197,197,395,23.78077724087771,24,24,0,1,1
West Bengal,North Twenty Four Parganas,Urban,34.99,48.5,Third Front,1,20.31,1,1149,1004,1004,2153,22.78650714185092,24,24,0,1,1
West Bengal,Paschim Medinipur,Rural,46.67,30.1,Third Front,0,6.01,1,60,111,60,171,23.56003025864745,24,24,0,1,1
West Bengal,Paschim Medinipur,Urban,33.97,44.8,Third Front,0,8.390000000000001,1,312,283,283,595,22.81108098352016,24,24,0,1,1
West Bengal,Purba Medinipur,Rural,39.76,25.5,Third Front,1,6.76,1,83,24,24,107,23.73780248752287,24,24,0,1,1
West Bengal,Purba Medinipur,Urban,21.69,36,Third Front,1,10.95,1,332,239,239,571,23.73914797375988,24,24,0,1,1
West Bengal,Puruliya,Rural,81.76000000000001,28.8,Third Front,0,7.24,1,159,208,159,367,23.07281202449828,24,24,0,1,1
West Bengal,Puruliya,Urban,29.71,34.3,Third Front,1,17.13,1,350,304,304,654,21.05524749834609,24,24,0,1,1
West Bengal,South Twenty Four Parganas,Rural,64.33,31.5,Third Front,1,8.43,1,300,230,230,530,21.91656060989338,24,24,0,1,1
West Bengal,South Twenty Four Parganas,Urban,51.7,35.4,Third Front,1,16.87,1,559,380,380,939,23.1799388479216,24,24,0,1,1
West Bengal,Uttar Dinajpur,Rural,73.22999999999999,25.75,Third Front,0,7.249999999999999,1,127,139,127,266,21.9620808024202,24,24,0,1,1
West Bengal,Uttar Dinajpur,Urban,41.79,30,Third Front,0,4.279999999999999,1,335,240,240,575,23.06788616716094,24,24,0,1,1
